﻿color,thisN,thisTrialN,thisRepN,Play.thisRepN,Play.thisTrialN,Play.thisN,Play.thisIndex,thisRow.t,notes,Welcome.started,text_welcome.started,key_welcome.started,text_welcome.stopped,Welcome.stopped,key_welcome.keys,key_welcome.rt,key_welcome.duration,Instructions.started,text_Instructions.started,Instructions.stopped,GoNoGoTask.started,image_circle.started,GoNoGoTask.stopped,Feedback.started,text.started,Feedback.stopped,End.started,End.stopped,participant,session,date,expName,psychopyVersion,frameRate,expStart,
,,,,,,,,,,0.023786599998857128,0.035035699998843484,0.035035699998843484,1.034904899999674,4.857655100000557,space,4.816819399999076,None,,,,,,,,,,,,1,001,2025-01-16_16h18.29.360,Go No-Go,2024.2.4,60.043435420772006,2025-01-16 16h18.37.865574 +0700,
,,,,,,,,,,,,,,,,,,4.857686200000899,4.869913800001086,5.87202790000083,,,,,,,,,1,001,2025-01-16_16h18.29.360,Go No-Go,2024.2.4,60.043435420772006,2025-01-16 16h18.37.865574 +0700,
redcircle.png,0,0,0,0,0,0,1,5.9185815999990155,,,,,,,,,,,,,5.900640799998655,5.9185815999990155,7.872272900000098,7.872294100001454,7.885694699998567,8.872176699998818,,,1,001,2025-01-16_16h18.29.360,Go No-Go,2024.2.4,60.043435420772006,2025-01-16 16h18.37.865574 +0700,
greencircle.png,1,1,0,0,1,1,0,8.903900199999043,,,,,,,,,,,,,8.890703900000517,8.903900199999043,10.87051639999845,10.870538700000907,10.88698469999872,11.872412699998677,,,1,001,2025-01-16_16h18.29.360,Go No-Go,2024.2.4,60.043435420772006,2025-01-16 16h18.37.865574 +0700,
,,,,,,,,,,,,,,,,,,,,,,,,,,,11.872466100001475,11.872791999998299,1,001,2025-01-16_16h18.29.360,Go No-Go,2024.2.4,60.043435420772006,2025-01-16 16h18.37.865574 +0700,
