﻿color,condition,space_key,thisN,thisTrialN,thisRepN,key_resp_t.keys,key_resp_t.corr,key_resp_t.rt,key_resp_t.duration,trials.thisRepN,trials.thisTrialN,trials.thisN,trials.thisIndex,Play3s.thisRepN,Play3s.thisTrialN,Play3s.thisN,Play3s.thisIndex,key_resp.keys,key_resp.corr,thisRow.t,notes,Welcome.started,text_welcome.started,Welcome.stopped,Instructions.started,text_Instructions.started,Instructions.stopped,Tutorial.started,image_Tutorial.started,key_resp_t.started,Tutorial.stopped,trials.key_resp_t.keys,trials.key_resp_t.corr,trials.key_resp_t.rt,trials.key_resp_t.duration,Feedback_Tutorial.started,text_feedback_Tutorial.started,text_feedback_Tutorial.stopped,Feedback_Tutorial.stopped,Instructions_2.started,text_Instructions_2.started,key_Instructions_2.started,Instructions_2.stopped,key_Instructions_2.keys,key_Instructions_2.rt,key_Instructions_2.duration,GoNoGoTask.started,image_circle.started,key_resp.started,GoNoGoTask.stopped,Play3s.key_resp.keys,Play3s.key_resp.corr,Feedback.started,text_feedback.started,participant,session,date,expName,psychopyVersion,frameRate,expStart,
,,,,,,,,,,,,,,,,,,,,,,0.006445300066843629,0.3447044000495225,6.401593300048262,,,,,,,,,,,,,,,,,,,,,,,,,,,,,,,4,001,2025-01-31_09h58.23.693,Go No-Go,2024.2.4,144.87084765936046,2025-01-31 09h58.36.601209 +0700,
,,,,,,,,,,,,,,,,,,,,,,,,,6.40163290000055,6.40753520000726,7.631849900004454,,,,,,,,,,,,,,,,,,,,,,,,,,,,4,001,2025-01-31_09h58.23.693,Go No-Go,2024.2.4,144.87084765936046,2025-01-31 09h58.36.601209 +0700,
Images/mice.png,go,space,0,0,0,space,1,1.6555123999714851,None,0,0,0,0,,,,,,,8.305067000095733,,,,,,,,7.971307300031185,8.305067000095733,8.305067000095733,9.963474200107157,space,1,1.6555123999714851,None,9.965770800015889,9.973791200085543,11.486214500037022,11.460961200064048,,,,,,,,,,,,,,,,4,001,2025-01-31_09h58.23.693,Go No-Go,2024.2.4,144.87084765936046,2025-01-31 09h58.36.601209 +0700,
Images/mice.png,go,space,1,1,0,space,1,0.3523377999663353,None,0,1,1,1,,,,,,,11.486214500037022,,,,,,,,11.481336300028488,11.486214500037022,11.486214500037022,11.84321760002058,space,1,0.3523377999663353,None,11.843272300087847,11.84687670005951,13.442367700044997,13.334035200066864,,,,,,,,,,,,,,,,4,001,2025-01-31_09h58.23.693,Go No-Go,2024.2.4,144.87084765936046,2025-01-31 09h58.36.601209 +0700,
Images/cat.png,nogo,None,2,2,0,None,1,,,0,2,2,2,,,,,,,13.442367700044997,,,,,,,,13.435246400069445,13.442367700044997,13.442367700044997,18.350583599996753,None,1,,,18.350639200070873,18.354751500068232,19.866643200046383,19.840901700081304,,,,,,,,,,,,,,,,4,001,2025-01-31_09h58.23.693,Go No-Go,2024.2.4,144.87084765936046,2025-01-31 09h58.36.601209 +0700,
Images/cat.png,nogo,None,3,3,0,space,0,0.3879608000861481,None,0,3,3,3,,,,,,,19.866643200046383,,,,,,,,19.861374900094233,19.866643200046383,19.866643200046383,20.258007700089365,space,0,0.3879608000861481,None,20.258060700027272,20.261894800001755,21.75334430008661,21.748960500000976,,,,,,,,,,,,,,,,4,001,2025-01-31_09h58.23.693,Go No-Go,2024.2.4,144.87084765936046,2025-01-31 09h58.36.601209 +0700,
,,,,,,,,,,,,,,,,,,,,,,,,,,,,,,,,,,,,,,,,21.74902640003711,21.75334430008661,21.75334430008661,22.40832040004898,space,0.6524016000330448,None,,,,,,,,,4,001,2025-01-31_09h58.23.693,Go No-Go,2024.2.4,144.87084765936046,2025-01-31 09h58.36.601209 +0700,
Images/mice.png,go,space,0,0,0,,,,,,,,,0,0,0,7,,,22.461313200066797,,,,,,,,,,,,,,,,,,,,,,,,,,,22.45169470005203,22.461313200066797,22.461313200066797,25.411866900045425,None,0,25.413619400002062,25.4228900000453,,,,,,,,
