﻿color,condition,correct,thisN,thisTrialN,thisRepN,key_resp.keys,key_resp.corr,Play.thisRepN,Play.thisTrialN,Play.thisN,Play.thisIndex,thisRow.t,notes,Welcome.started,text_welcome.started,key_welcome.started,Welcome.stopped,key_welcome.keys,key_welcome.rt,key_welcome.duration,Instructions.started,text_Instructions.started,key_Instructions.started,Instructions.stopped,key_Instructions.keys,key_Instructions.rt,key_Instructions.duration,GoNoGoTask.started,image_circle.started,key_resp.started,GoNoGoTask.stopped,Play.key_resp.keys,Play.key_resp.corr,Feedback.started,text_feedback.started,Feedback.stopped,participant,session,date,expName,psychopyVersion,frameRate,expStart,
,,,,,,,,,,,,,,0.00978200000099605,0.01521380000122008,0.01521380000122008,0.5495802000004915,space,0.5238951999999699,None,,,,,,,,,,,,,,,,,9,001,2025-01-17_14h48.47.369,Go No-Go,2024.2.4,142.50251516547468,2025-01-17 14h48.55.836723 +0700,
,,,,,,,,,,,,,,,,,,,,,0.5496181999988039,0.5559218000016699,0.5559218000016699,0.8722459000018716,space,0.3108543999987887,None,,,,,,,,,,9,001,2025-01-17_14h48.47.369,Go No-Go,2024.2.4,142.50251516547468,2025-01-17 14h48.55.836723 +0700,
redcircle.png,nogo,None,0,0,0,None,0,0,0,0,4,0.9266391999990446,,,,,,,,,,,,,,,,0.8886104999983218,0.9266391999990446,0.9266391999990446,3.8746213000013086,None,0,3.876252800000657,3.8858359000005294,5.373081400000956,9,001,2025-01-17_14h48.47.369,Go No-Go,2024.2.4,142.50251516547468,2025-01-17 14h48.55.836723 +0700,
greencircle.png,go,space,1,1,0,,,0,1,1,3,5.384821399999055,,,,,,,,,,,,,,,,5.381125700001576,5.384821399999055,5.384821399999055,,,,,,,,,,,,,,
