﻿color,condition,correct,thisN,thisTrialN,thisRepN,Play.thisRepN,Play.thisTrialN,Play.thisN,Play.thisIndex,thisRow.t,notes,Welcome.started,text_welcome.started,key_welcome.started,Welcome.stopped,key_welcome.keys,key_welcome.rt,key_welcome.duration,Instructions.started,text_Instructions.started,key_resp.started,Instructions.stopped,key_resp.keys,key_resp.rt,key_resp.duration,GoNoGoTask.started,image_circle.started,GoNoGoTask.stopped,Feedback.started,Feedback.stopped,participant,session,date,expName,psychopyVersion,frameRate,expStart,
,,,,,,,,,,,,0.011574399999517482,0.024614499998278916,0.024614499998278916,0.9479221000001417,space,0.9030000999991898,None,,,,,,,,,,,,,1,001,2025-01-16_16h11.38.246,Go No-Go,2024.2.4,59.97476262059663,2025-01-16 16h11.43.577600 +0700,
,,,,,,,,,,,,,,,,,,,0.9479524000016681,0.9579000000012456,0.9579000000012456,1.4787569000000076,space,0.5088002000011329,None,,,,,,1,001,2025-01-16_16h11.38.246,Go No-Go,2024.2.4,59.97476262059663,2025-01-16 16h11.43.577600 +0700,
redcircle.png,nogo,none,0,0,0,0,0,0,1,1.5089995000016643,,,,,,,,,,,,,,,,1.4838364999995974,1.5089995000016643,3.4932483000011416,3.4932697000003827,3.4934997000018484,1,001,2025-01-16_16h11.38.246,Go No-Go,2024.2.4,59.97476262059663,2025-01-16 16h11.43.577600 +0700,
greencircle.png,go,space,1,1,0,0,1,1,0,3.5095650000002934,,,,,,,,,,,,,,,,3.49358729999949,3.5095650000002934,,,,,,,,,,,
