﻿thisN,thisTrialN,thisRepN,Play.thisRepN,Play.thisTrialN,Play.thisN,Play.thisIndex,thisRow.t,notes,Welcome.started,text_welcome.started,key_welcome.started,Welcome.stopped,key_welcome.keys,key_welcome.rt,key_welcome.duration,Instructions.started,text_Instructions.started,key_resp.started,Instructions.stopped,key_resp.keys,key_resp.rt,key_resp.duration,GoNoGoTask.started,GoNoGoTask.stopped,Feedback.started,Feedback.stopped,End.started,End.stopped,participant,session,date,expName,psychopyVersion,frameRate,expStart,
,,,,,,,,,0.027741100002458552,0.040907000002334826,0.040907000002334826,3.063491700002487,space,3.0175414999976056,None,,,,,,,,,,,,,,1,001,2025-01-16_16h05.54.197,Go No-Go,2024.2.4,60.13102550386613,2025-01-16 16h05.58.812018 +0700,
,,,,,,,,,,,,,,,,3.0635249000006297,3.0737609999996494,3.0737609999996494,3.5093637999998464,space,0.42587920000005397,None,,,,,,,1,001,2025-01-16_16h05.54.197,Go No-Go,2024.2.4,60.13102550386613,2025-01-16 16h05.58.812018 +0700,
0,0,0,0,0,0,0,3.5248086000028707,,,,,,,,,,,,,,,,3.5095899000007194,3.5097973000010825,3.5098133999999845,3.5099855000007665,,,1,001,2025-01-16_16h05.54.197,Go No-Go,2024.2.4,60.13102550386613,2025-01-16 16h05.58.812018 +0700,
,,,,,,,,,,,,,,,,,,,,,,,,,,,3.5100219000014476,3.510197600000538,1,001,2025-01-16_16h05.54.197,Go No-Go,2024.2.4,60.13102550386613,2025-01-16 16h05.58.812018 +0700,
