﻿color,condition,space_key,thisN,thisTrialN,thisRepN,key_resp_t.keys,key_resp_t.corr,key_resp_t.rt,key_resp_t.duration,Feedback_Tutorial_space_key.keys,Feedback_Tutorial_space_key.corr,Feedback_Tutorial_space_key.rt,Feedback_Tutorial_space_key.duration,trials.thisRepN,trials.thisTrialN,trials.thisN,trials.thisIndex,thisRow.t,notes,Tutorial.started,key_resp_t.started,Tutorial.stopped,trials.key_resp_t.keys,trials.key_resp_t.corr,trials.key_resp_t.rt,trials.key_resp_t.duration,Feedback_Tutorial_space_key.started,Feedback_Tutorial_space_key.stopped,trials.Feedback_Tutorial_space_key.keys,trials.Feedback_Tutorial_space_key.corr,trials.Feedback_Tutorial_space_key.rt,trials.Feedback_Tutorial_space_key.duration,participant,session,date,expName,psychopyVersion,frameRate,expStart,
,,,,,,,,,,,,,,,,,,,,,,,,,,,,,,,,,a3,001,2025-01-31_13h10.43.736,Go No-Go,2024.2.4,143.63214088615115,2025-01-31 13h10.51.580582 +0700,
,,,,,,,,,,,,,,,,,,,,,,,,,,,,,,,,,a3,001,2025-01-31_13h10.43.736,Go No-Go,2024.2.4,143.63214088615115,2025-01-31 13h10.51.580582 +0700,
Images/mice.png,go,space,0,0,0,space,1,0.4890511000994593,None,None,0,,,0,0,0,0,3.735632300027646,,4.7415684999432415,4.779414299991913,5.272105899988674,space,1,0.4890511000994593,None,5.2761377999559045,6.274219400016591,None,0,,,a3,001,2025-01-31_13h10.43.736,Go No-Go,2024.2.4,143.63214088615115,2025-01-31 13h10.51.580582 +0700,
Images/mice.png,go,space,1,1,0,space,1,3.6717820999911055,None,space,0,0.553654900053516,0.08703739999327809,0,1,1,1,7.773736199946143,,8.785573699977249,8.792951999930665,12.465924100019038,space,1,3.6717820999911055,None,12.470068300026469,13.462216299958527,space,0,0.553654900053516,0.08703739999327809,a3,001,2025-01-31_13h10.43.736,Go No-Go,2024.2.4,143.63214088615115,2025-01-31 13h10.51.580582 +0700,
Images/cat.png,nogo,None,2,2,0,space,0,0.16758050001226366,None,None,0,,,0,2,2,2,14.967616699985228,,15.979427699930966,15.987173900008202,16.156493099988438,space,0,0.16758050001226366,None,16.16075069992803,17.15272729995195,None,0,,,a3,001,2025-01-31_13h10.43.736,Go No-Go,2024.2.4,143.63214088615115,2025-01-31 13h10.51.580582 +0700,
Images/cat.png,nogo,None,3,3,0,None,1,,,None,0,,,0,3,3,3,18.658297899994068,,19.669497999944724,19.677826200029813,24.66098249994684,None,1,,,24.66585769993253,25.65794449998066,None,0,,,a3,001,2025-01-31_13h10.43.736,Go No-Go,2024.2.4,143.63214088615115,2025-01-31 13h10.51.580582 +0700,
