﻿color,condition,space_key,thisN,thisTrialN,thisRepN,key_resp_t.keys,key_resp_t.corr,key_resp_t.rt,key_resp_t.duration,trials.thisRepN,trials.thisTrialN,trials.thisN,trials.thisIndex,thisRow.t,notes,Welcome.started,text_welcome.started,key_welcome.started,Welcome.stopped,key_welcome.keys,key_welcome.rt,key_welcome.duration,Instructions.started,text_Instructions.started,key_Instructions.started,Instructions.stopped,key_Instructions.keys,key_Instructions.rt,key_Instructions.duration,Tutorial.started,image_Tutorial.started,key_resp_t.started,Tutorial.stopped,trials.key_resp_t.keys,trials.key_resp_t.corr,trials.key_resp_t.rt,trials.key_resp_t.duration,Feedback_Tutorial.started,text_feedback_Tutorial.started,text_feedback_Tutorial.stopped,Feedback_Tutorial.stopped,Instructions_2.started,text_Instructions_2.started,key_Instructions_2.started,participant,session,date,expName,psychopyVersion,frameRate,expStart,
,,,,,,,,,,,,,,,,0.005489299999680952,0.010377499999776774,0.010377499999776774,0.3785262999999759,space,0.3610134000000471,None,,,,,,,,,,,,,,,,,,,,,,,h,001,2025-01-24_14h44.31.746,Go No-Go,2024.2.4,144.51368255393066,2025-01-24 14h44.38.240992 +0700,
,,,,,,,,,,,,,,,,,,,,,,,0.3785643000001073,0.3851550999997926,0.3851550999997926,0.9778621999994357,space,0.5902585000003455,None,,,,,,,,,,,,,,,,h,001,2025-01-24_14h44.31.746,Go No-Go,2024.2.4,144.51368255393066,2025-01-24 14h44.38.240992 +0700,
Images/mice.png,go,space,0,0,0,space,1,0.5225974000004499,None,0,0,0,0,1.0402893999998923,,,,,,,,,,,,,,,,1.0003694999995787,1.0402893999998923,1.0402893999998923,1.5676406000002316,space,1,0.5225974000004499,None,1.5693148999998812,1.578173899999456,3.0910245999994004,3.0654483999996955,,,,h,001,2025-01-24_14h44.31.746,Go No-Go,2024.2.4,144.51368255393066,2025-01-24 14h44.38.240992 +0700,
Images/mice.png,go,space,1,1,0,space,1,0.7866552000004958,None,0,1,1,1,3.0910245999994004,,,,,,,,,,,,,,,,3.0827972999995836,3.0910245999994004,3.0910245999994004,3.884528699999464,space,1,0.7866552000004958,None,3.88458350000019,3.8886648999996396,5.4014735999999175,5.37581020000016,,,,h,001,2025-01-24_14h44.31.746,Go No-Go,2024.2.4,144.51368255393066,2025-01-24 14h44.38.240992 +0700,
Images/cat.png,nogo,None,2,2,0,space,0,0.44135450000067067,None,0,2,2,2,5.4014735999999175,,,,,,,,,,,,,,,,5.393959399999403,5.4014735999999175,5.4014735999999175,5.847896999999648,space,0,0.44135450000067067,None,5.8479574000002685,5.8520297999994,7.364356699999917,7.338770100000147,,,,h,001,2025-01-24_14h44.31.746,Go No-Go,2024.2.4,144.51368255393066,2025-01-24 14h44.38.240992 +0700,
Images/cat.png,nogo,None,3,3,0,space,0,0.32245590000002267,None,0,3,3,3,7.364356699999917,,,,,,,,,,,,,,,,7.355591099999401,7.364356699999917,7.364356699999917,7.693205300000045,space,0,0.32245590000002267,None,7.6932611000002,7.697348499999862,9.188845499999843,9.18439269999999,,,,h,001,2025-01-24_14h44.31.746,Go No-Go,2024.2.4,144.51368255393066,2025-01-24 14h44.38.240992 +0700,
,,,,,,,,,,,,,,,,,,,,,,,,,,,,,,,,,,,,,,,,,,9.184459199999765,9.188845499999843,9.188845499999843,,,,,,,,
